xmin,ymin,xmax,ymax,Object
104,55,260,106,noiph
290,113,522,136,ngayph
106,114,239,135,sovb
53,139,295,178,tenvb
263,41,562,96,CNXH
16,267,567,512,khongxd
363,152,538,212,noigui
27,215,188,270,den
66,521,229,611,noinhan
315,521,544,684,khongxd
